omega,valid_HR@5,valid_NDCG@5,valid_Precision@5,valid_MAP@5,valid_HR@10,valid_NDCG@10,valid_Precision@10,valid_MAP@10,valid_HR@15,valid_NDCG@15,valid_Precision@15,valid_MAP@15,valid_HR@20,valid_NDCG@20,valid_Precision@20,valid_MAP@20,test_HR@5,test_NDCG@5,test_Precision@5,test_MAP@5,test_HR@10,test_NDCG@10,test_Precision@10,test_MAP@10,test_HR@15,test_NDCG@15,test_Precision@15,test_MAP@15,test_HR@20,test_NDCG@20,test_Precision@20,test_MAP@20
0.0001,0.22386217536641811,0.17285160045005146,0.04477243507328676,0.155902117082369,0.2700437130367704,0.18781717318754398,0.027004371303679654,0.16209794005885558,0.2956544098740036,0.19459201679337657,0.019710293991599386,0.1641123223509436,0.31391103111339674,0.19890411516815049,0.015695551555671643,0.16513841908431456,0.13232193365903833,0.10414262881016421,0.026464386731806636,0.09477757778349181,0.1627667780920545,0.11390350898268348,0.01627667780920563,0.09875650491618569,0.17768063769606582,0.11785465899270846,0.01184537584640398,0.09993488255123595,0.18827462072512213,0.12036320147764831,0.009413731036256485,0.1005349784087359
0.0015,0.22699922859346877,0.17460855847183293,0.04539984571869703,0.15720407988343205,0.2707636924659295,0.1887521987922266,0.027076369246595587,0.16303491328819178,0.29688866032399075,0.19565962463539563,0.019792577354931857,0.16508701906361925,0.31581383389046025,0.20012172970129521,0.015790691694524843,0.16614479622752715,0.13376189251735665,0.10422194443728859,0.026752378503470366,0.09445358704037012,0.160863975314991,0.11298117285554585,0.016086397531499236,0.09806558588121941,0.1780406274106454,0.11753116631329898,0.011869375160709284,0.09942195557649364,0.19136024685009,0.12067795982680365,0.009568012342504914,0.10017116658974802
0.0005,0.19742864489586012,0.1473654000415321,0.039485728979173955,0.13078940601697106,0.24674723579326305,0.1633490807114361,0.024674723579328393,0.13740703326843703,0.2776549241450244,0.1715420666657742,0.018510328276334177,0.13985293826769712,0.29863718179480586,0.17649400480602886,0.014931859089741926,0.14102928966429157,0.11653381331961944,0.08741679750673438,0.023306762663923005,0.07780834833290483,0.14708151195680125,0.09728278635382132,0.014708151195679945,0.08187394645867242,0.16677809205451272,0.1024917638767278,0.011118539470300481,0.0834225915223599,0.18122910773977885,0.10590124195910496,0.009061455386989242,0.08423206087586695
